Epoch,Loss,Train Accuracy,Test Accuracy,Time
1.0,0.05986257269978523,0.81175,0.8085,70.43262887001038
2.0,0.058701831847429276,0.8190416666666667,0.8158333333333333,124.67040753364563
3.0,0.05810067802667618,0.8215,0.8175,221.24557662010193
4.0,0.05791337415575981,0.8221875,0.81875,261.5715835094452
5.0,0.05794147402048111,0.8234166666666667,0.8201666666666667,326.8885290622711
6.0,0.058086760342121124,0.824375,0.8209166666666666,373.2501242160797
