seed,best_solution,best_fitness
69,"(0.9999999999999998, 3.0)",0.0
123,"(0.9999999999999998, 3.0)",0.0
420,"(0.9999999999999996, 3.0000000000000004)",0.0
789,"(1.0000000000000002, 3.0)",0.0
1010,"(1.0, 3.0)",0.0
