crossover_rate,avg_best_fitness
Crossover Rate 0.0,0.02053052126492415
Crossover Rate 0.1,7.493170887013027e-06
Crossover Rate 0.2,1.3218484071898418e-10
Crossover Rate 0.3,5.2588792640134795e-08
Crossover Rate 0.5,7.86784778893086e-10
Crossover Rate 0.7,0.0
Crossover Rate 0.9,2.3513460115468226e-10
Crossover Rate 1.0,7.528325707488668e-17
