mutation_rate,mutation_strength,avg_best_fitness
0.0,0.0,5.713730618334136e-10
0.05,0.05,2.610252382954943e-25
0.1,0.1,0.0
0.2,0.2,2.4139143699762962e-29
0.3,0.3,1.6038015519686301e-26
0.5,0.5,8.742894245231666e-10
0.7,0.7,6.301420910905442e-27
0.9,0.9,0.0
1.0,1.0,1.1941673251006553e-12
