population_size,mutation_rate,mutation_strength,crossover_rate,best_solution,best_fitness
1000,0.1,0.1,0.7,"(0.9999996542464764, 2.999998824972314)",1.0751337509062072e-11
2000,0.1,0.1,0.7,"(1.0021580241677646, 2.9980618248543083)",8.606925574061463e-06
1000,0.2,0.1,0.7,"(1.0000000000025677, 2.999999999999109)",1.8634524367950485e-23
1000,0.1,0.2,0.7,"(0.9999996542464764, 2.999998824972314)",1.0751337509062072e-11
1000,0.1,0.1,0.8,"(0.999968949257549, 3.0000027636116866)",4.172433223899214e-09
5000,0.1,0.1,0.7,"(1.0000000043881847, 2.9999999968467637)",3.5299453421288663e-17
5000,0.1,0.1,0.7,"(1.0000000000000004, 2.9999999999999996)",0.0
