population_size,best_fitness_min,best_fitness_avg,best_fitness_std
5000,0.0,0.0,0.0
2500,4.509819855385014e-20,3.474633658340493e-11,6.641141347841516e-11
1250,9.286640801401045e-21,3.112454231001281e-07,6.04827638648866e-07
500,6.103381084193885e-20,1.1385304633325181e-05,1.9463212621918237e-05
